Table 15.4. Total tree volume (million m<sup>3</sup>) on forest land by forest type, age class, and managed forest region in Canada. 
Managed forests,Forest type,1-20,21-40,41-60,61-80,81-100,101-120,121-140,141-160,161-180,181-200,201+,Other,Total
0,Non-treed,0.001,0.006,0.007,0.002,None,None,None,None,None,None,None,0.000,0.016
0,Treed Mixedwood,0.095,2.128,6.442,13.134,30.648,0.184,0.481,0.036,None,None,0.025,None,53.175
0,Treed Broadleaf,0.279,6.838,6.355,11.147,2.820,53.296,0.001,None,None,None,0.000,None,80.736
0,Treed Coniferous,0.068,1.898,7.759,14.729,13.367,6.751,8.441,1.868,2.355,0.698,30.083,None,88.017
0,Subtotal,0.442,10.871,20.563,39.013,46.835,60.232,8.923,1.904,2.355,0.698,30.108,0.000,221.945
11,Non-treed,1.146,1.340,2.451,18.983,11.770,20.860,4.222,0.295,0.246,0.193,0.093,0.000,61.599
11,Treed Broadleaf,115.466,229.387,466.884,1067.391,951.937,443.897,223.602,86.366,14.440,5.845,10.365,None,3615.580
11,Treed Mixedwood,143.262,351.646,570.071,874.002,890.057,439.628,318.416,141.202,44.907,23.472,17.397,None,3814.061
11,Treed Coniferous,181.900,659.437,1229.713,2034.420,2355.233,1733.746,2068.439,1237.119,733.415,389.873,4081.515,None,16704.811
11,Subtotal,441.775,1241.812,2269.120,3994.795,4208.996,2638.132,2614.678,1464.983,793.008,419.383,4109.371,0.000,24196.052
12,Non-treed,0.054,0.008,0.283,0.009,0.196,0.002,None,None,None,None,None,0.000,0.552
12,Treed Mixedwood,12.919,31.576,56.579,105.123,64.082,38.577,20.362,14.776,0.952,0.032,1.068,None,346.046
12,Treed Broadleaf,12.120,32.849,71.423,140.228,70.393,18.427,6.804,6.340,0.623,0.582,0.865,None,360.652
12,Treed Coniferous,25.778,193.599,194.756,342.892,333.578,201.509,128.138,80.269,32.047,14.500,146.137,None,1693.203
12,Subtotal,50.871,258.032,323.041,588.252,468.249,258.515,155.303,101.384,33.621,15.114,148.070,0.000,2400.452
13,Non-treed,0.018,0.088,3.268,5.188,13.501,10.225,0.351,0.213,None,None,None,0.000,32.854
13,Treed Broadleaf,16.803,38.156,37.712,56.411,211.605,50.759,2.115,0.527,None,1.738,None,None,415.825
13,Treed Mixedwood,18.981,41.555,46.297,138.234,247.564,402.188,81.723,11.179,0.622,2.687,0.779,None,991.809
13,Treed Coniferous,51.956,311.809,563.710,646.723,1029.947,3710.104,2036.905,692.365,40.909,8.962,53.670,None,9147.059
13,Subtotal,87.758,391.607,650.987,846.556,1502.617,4173.277,2121.094,704.285,41.531,13.386,54.449,0.000,10587.547
20,Non-treed,0.209,0.015,0.007,None,0.158,0.096,0.014,None,None,None,None,0.000,0.499
20,Treed Broadleaf,9.792,54.988,142.859,211.130,169.158,51.143,14.442,2.592,0.272,1.485,0.935,None,658.797
20,Treed Mixedwood,11.640,51.367,118.951,175.507,168.935,110.313,39.388,23.078,5.086,1.354,7.987,None,713.606
20,Treed Coniferous,19.304,141.543,264.015,537.686,564.591,825.135,649.395,312.887,202.217,97.681,1323.412,None,4937.866
20,Subtotal,40.945,247.913,525.833,924.323,902.843,986.686,703.239,338.558,207.574,100.520,1332.334,0.000,6310.768
31,Non-treed,None,None,None,None,None,None,None,None,None,None,None,0.000,0.000
31,Treed Mixedwood,0.271,3.079,1.444,9.118,2.197,4.505,0.612,0.075,0.082,None,None,None,21.382
31,Treed Broadleaf,2.693,5.007,6.907,19.272,7.885,4.764,1.035,None,None,None,None,None,47.562
31,Treed Coniferous,0.765,16.421,8.730,18.381,13.927,9.706,6.690,18.117,4.520,0.163,3.297,None,100.717
31,Subtotal,3.729,24.507,17.080,46.771,24.008,18.974,8.337,18.192,4.602,0.163,3.297,0.000,169.661
32,Non-treed,0.001,0.001,0.008,0.000,0.000,None,None,None,None,None,None,0.000,0.010
32,Treed Mixedwood,0.639,4.248,8.122,12.901,14.034,4.832,2.867,3.892,None,None,0.671,None,52.206
32,Treed Broadleaf,5.367,16.452,19.678,13.708,7.045,9.229,1.228,1.151,None,1.503,None,None,75.361
32,Treed Coniferous,0.843,12.188,9.369,13.313,21.909,12.661,9.121,11.666,1.757,4.051,14.991,None,111.869
32,Subtotal,6.850,32.888,37.176,39.922,42.988,26.722,13.216,16.709,1.757,5.554,15.663,0.000,239.445
33,Non-treed,0.129,0.020,0.016,0.024,0.004,0.010,0.000,0.029,None,None,None,0.000,0.231
33,Treed Mixedwood,7.338,16.451,25.099,40.317,23.356,15.764,5.514,5.679,2.054,0.205,3.307,None,145.085
33,Treed Broadleaf,9.602,17.230,40.640,46.553,31.158,26.501,22.125,8.780,0.155,1.588,0.388,None,204.719
33,Treed Coniferous,16.573,77.552,89.352,145.609,161.336,123.973,177.488,112.021,70.244,63.202,515.942,None,1553.294
33,Subtotal,33.643,111.253,155.107,232.503,215.854,166.249,205.127,126.509,72.454,64.995,519.637,0.000,1903.329
40,Non-treed,None,0.011,0.001,0.201,0.397,None,1.241,None,None,None,None,0.000,1.852
40,Treed Broadleaf,1.772,4.601,3.331,9.603,37.477,11.163,0.316,1.422,None,None,None,None,69.685
40,Treed Mixedwood,1.060,8.929,4.338,6.026,8.941,57.897,6.609,5.106,0.229,None,None,None,99.134
40,Treed Coniferous,0.882,9.270,21.046,36.261,42.611,344.567,109.932,30.848,9.278,6.181,79.725,None,690.601
40,Subtotal,3.713,22.812,28.717,52.091,89.427,413.627,118.098,37.375,9.507,6.181,79.725,0.000,861.272
50,Non-treed,0.183,0.444,0.454,0.143,0.093,0.001,None,None,None,None,None,0.000,1.318
50,Treed Mixedwood,34.706,105.062,278.506,304.723,157.300,61.120,16.828,11.869,1.442,0.473,2.891,None,974.921
50,Treed Coniferous,23.972,132.112,240.826,266.940,155.993,103.651,89.184,28.898,16.091,11.844,97.557,None,1167.068
50,Treed Broadleaf,44.397,178.513,396.027,431.721,303.437,102.196,31.731,8.030,0.576,5.956,0.982,None,1503.566
50,Subtotal,103.258,416.130,915.813,1003.528,616.824,266.968,137.743,48.796,18.109,18.273,101.430,0.000,3646.872
100,Non-treed,0.039,0.129,0.049,0.006,0.042,0.607,0.014,None,None,None,None,0.000,0.887
100,Treed Broadleaf,3.425,5.001,12.765,13.824,14.850,8.572,2.589,1.230,0.410,0.258,0.564,None,63.489
100,Treed Mixedwood,2.184,8.189,12.096,18.571,22.665,10.032,5.441,2.340,0.267,0.213,0.606,None,82.605
100,Treed Coniferous,2.968,27.607,36.552,50.050,72.674,53.835,61.701,23.875,5.181,1.967,22.234,None,358.644
100,Subtotal,8.616,40.926,61.463,82.452,110.231,73.046,69.745,27.445,5.858,2.438,23.404,0.000,505.625
Canada,Non-treed,1.781,2.062,6.546,24.557,26.161,31.800,5.843,0.537,0.246,0.193,0.093,0.000,99.819
Canada,Treed Broadleaf,221.716,589.022,1204.581,2020.988,1807.764,779.948,305.986,116.438,16.476,18.955,14.098,None,7095.972
Canada,Treed Mixedwood,233.095,624.230,1127.945,1697.657,1629.779,1145.041,498.241,219.233,55.640,28.435,34.732,None,7294.029
Canada,Treed Coniferous,325.009,1583.437,2665.828,4107.004,4765.168,7125.637,5345.433,2549.933,1118.015,599.121,6368.562,None,36553.148
Canada,Total,781.601,2798.752,5004.900,7850.206,8228.873,9082.427,6155.503,2886.141,1190.377,646.704,6417.486,0.000,51042.968
